<?xml version="1.0" encoding="UTF-8"?><rss version="2.0"
	xmlns:content="http://purl.org/rss/1.0/modules/content/"
	xmlns:wfw="http://wellformedweb.org/CommentAPI/"
	xmlns:dc="http://purl.org/dc/elements/1.1/"
	xmlns:atom="http://www.w3.org/2005/Atom"
	xmlns:sy="http://purl.org/rss/1.0/modules/syndication/"
	xmlns:slash="http://purl.org/rss/1.0/modules/slash/"
	
	xmlns:georss="http://www.georss.org/georss"
	xmlns:geo="http://www.w3.org/2003/01/geo/wgs84_pos#"
	>

<channel>
	<title>Mac &#8211; EuroTech</title>
	<atom:link href="http://localhost/ecommerce2/categoria-prodotto/mac/feed/?simply_static_page=331" rel="self" type="application/rss+xml" />
	<link></link>
	<description></description>
	<lastBuildDate>Wed, 22 Mar 2023 15:53:13 +0000</lastBuildDate>
	<language>it-IT</language>
	<sy:updatePeriod>
	hourly	</sy:updatePeriod>
	<sy:updateFrequency>
	1	</sy:updateFrequency>
	<generator>https://wordpress.org/?v=6.1.1</generator>
	<item>
		<title>Apple MacBook Pro 14” M2 Pro core: 10 CPU 16 GPU 512GB SSD – Grigio Siderale</title>
		<link>/prodotto/apple-macbook-pro-14-m2-pro-core-10-cpu-16-gpu-512gb-ssd-grigio-siderale/</link>
					<comments>/prodotto/apple-macbook-pro-14-m2-pro-core-10-cpu-16-gpu-512gb-ssd-grigio-siderale/#respond</comments>
		
		<dc:creator><![CDATA[Stefano]]></dc:creator>
		<pubDate>Wed, 22 Mar 2023 14:14:59 +0000</pubDate>
				<guid isPermaLink="false">/?post_type=product#038;p=39</guid>

					<description><![CDATA[<p class="copy cC7E9BF channel-custom-font-custom-80-headline-super">Il professionista dell’impossibile.</p>
<p class="copy cC7E9BF channel-custom-font-custom-80-headline-super">Grazie alla superpotenza di M2 Pro e M2 Max, MacBook Pro raggiunge vette di performance ed efficienza mai sfiorate prima. Con una batteria che dura tutto il giorno, uno spettacolare display Liquid Retina XDR e tutte le porte che ti servono, è un portatile pro senza rivali.</p>]]></description>
										<content:encoded><![CDATA[<p><b>MacBook Pro. Con i superpoteri di M2 Pro e M2 Max.</b><br />
MacBook Pro 14″ con M2 Pro o M2 Max offre potenza e velocità di livello superiore, anche quando non è collegato alla corrente. Con uno spettacolare display Liquid Retina XDR, tutte le porte che ti servono e un giorno intero di batteria, è il portatile Pro che sta al passo con te, in tutto quello che fai.</p>
]]></content:encoded>
					
					<wfw:commentRss>/prodotto/apple-macbook-pro-14-m2-pro-core-10-cpu-16-gpu-512gb-ssd-grigio-siderale/feed/</wfw:commentRss>
			<slash:comments>0</slash:comments>
		
		
			</item>
	</channel>
</rss>
