<?xml version="1.0" encoding="UTF-8"?><rss version="2.0"
	xmlns:content="http://purl.org/rss/1.0/modules/content/"
	xmlns:dc="http://purl.org/dc/elements/1.1/"
	xmlns:atom="http://www.w3.org/2005/Atom"
	xmlns:sy="http://purl.org/rss/1.0/modules/syndication/"
	
	xmlns:georss="http://www.georss.org/georss"
	xmlns:geo="http://www.w3.org/2003/01/geo/wgs84_pos#"
	
	>
<channel>
	<title>
	Commenti a: Apple iPhone 13 128GB Mezzanotte	</title>
	<atom:link href="http://localhost/ecommerce2/prodotto/apple-iphone-13-128gb-mezzanotte/feed/?simply_static_page=315" rel="self" type="application/rss+xml" />
	<link>/prodotto/apple-iphone-13-128gb-mezzanotte/</link>
	<description></description>
	<lastBuildDate>Wed, 22 Mar 2023 15:54:48 +0000</lastBuildDate>
	<sy:updatePeriod>
	hourly	</sy:updatePeriod>
	<sy:updateFrequency>
	1	</sy:updateFrequency>
	<generator>https://wordpress.org/?v=6.1.1</generator>
</channel>
</rss>
